,bcrA1,bcrB1,bcrR1,bcrD1,bcrA2,bcrB2,bcrR2,bcrD2,bcrR3
"""10-1-01""",1,1,1,1,1,1,1,0,0
"""10-1-02""",1,1,1,1,1,1,1,0,0
"""10-1-04""",1,1,1,1,1,1,1,0,0
"""10-1-05""",1,1,1,1,1,1,1,0,0
"""10-1-09""",1,1,1,1,1,1,1,0,0
"""10-2-12""",1,1,1,1,1,1,1,0,0
"""10-2-17""",1,1,1,1,1,1,1,0,0
"""10-6-41""",1,1,1,1,1,1,1,0,0
"""10-6-46""",1,1,1,1,1,1,1,0,0
"""10-6-50""",1,1,1,1,1,1,1,0,0
"""12-03-20""",1,1,1,1,1,1,1,0,0
"""12-3-27""",1,1,1,0,1,1,1,0,0
"""12-7-68""",1,1,1,1,1,1,1,0,0
"""12-8-01""",0,1,1,1,1,1,1,0,0
"""13-06-51""",1,1,1,1,1,1,1,0,0
"""13-1-05""",1,1,1,1,1,1,1,0,0
"""13-1-06""",1,1,1,1,1,1,1,0,0
"""13-1-07""",1,1,1,1,1,1,1,0,0
"""13-1-08""",1,1,1,1,0,0,0,0,0
"""13-1-09""",1,1,1,1,1,1,1,0,0
"""13-1-10""",1,1,1,1,1,1,1,0,0
"""13-10-96""",1,1,1,1,1,1,1,0,0
"""13-10-98""",1,1,1,1,1,1,1,0,0
"""13-2-13""",1,1,1,1,1,1,1,0,0
"""13-2-16""",1,1,1,1,1,1,1,0,0
"""13-2-17""",1,1,1,1,1,1,1,0,0
"""13-2-19""",1,1,1,1,1,1,1,0,0
"""13-4-32""",1,1,1,1,1,1,1,0,0
"""13-4-33""",1,1,1,1,1,1,1,0,0
"""13-4-35""",1,1,1,1,1,1,1,0,0
"""13-5-45""",1,1,1,1,1,1,1,0,0
"""13-7-61""",1,1,1,1,1,1,1,0,0
"""13-8-72""",1,1,1,1,1,1,1,0,0
"""13-9-85""",1,1,1,1,1,1,1,0,0
"""13-9-86""",1,1,1,1,1,1,1,0,0
"""13-9-88""",1,1,1,1,1,1,1,0,0
10-1A,1,1,1,1,1,1,1,0,0
10-6A,1,1,1,1,1,1,1,0,0
11-3A,1,1,1,1,1,1,1,0,0
11-7A,1,1,1,1,1,1,1,0,0
12-1VP,1,1,1,1,1,1,1,0,0
13-1VP,1,1,1,1,1,1,1,0,0
13-2VP,1,1,1,1,1,1,1,0,0
13-4VP,1,1,1,1,1,1,1,0,0
5A-1,1,1,1,1,1,1,1,0,0
5A-12,1,1,1,1,1,1,1,0,0
5A-13,1,1,1,1,1,1,1,0,0
5A-15,1,1,1,1,1,1,1,0,0
5A-16,1,1,1,1,1,1,1,0,0
5A-18,1,1,1,1,1,1,1,0,0
5A-19,1,1,1,1,1,1,1,0,0
5A-2,1,1,1,1,1,1,1,0,0
5A-20,1,1,1,1,1,1,1,0,0
5A-4,1,1,1,1,1,1,1,0,0
5A-5,1,1,1,1,1,1,1,0,0
5A-6,1,1,1,1,1,1,1,0,0
5A-7,1,1,1,1,1,1,1,0,0
5A-8,1,1,1,1,1,1,1,0,0
5A-9,1,1,1,1,1,1,1,0,0
5D-62,1,1,1,1,1,1,1,0,0
AR00-128,0,0,0,0,1,1,1,0,0
AR00-36,0,0,0,0,1,1,1,0,0
AR01-1155,1,1,1,1,1,1,1,0,0
AR01-215,0,0,0,0,0,0,0,0,0
AR01-673,1,1,1,1,1,1,1,0,0
AR01-802,1,1,1,1,0,0,0,0,0
AR01-912,0,0,0,0,1,1,1,0,0
AR96-360,1,1,1,1,1,1,1,0,0
AR99-1024,1,1,1,1,1,1,1,0,0
AR99-1107,0,0,0,0,1,1,1,0,0
AR99-190,1,1,1,1,1,1,1,0,0
AR99-84,1,1,1,1,1,1,1,0,0
ARL04-446,0,0,0,0,0,0,0,0,0
ARL04-506,1,1,1,1,1,1,1,0,0
ARL08-192,1,1,1,1,1,1,1,0,0
EF13-2-12,1,1,1,1,1,1,1,0,0
EF13-4-31,1,1,1,1,1,1,1,0,0
IV12,0,0,0,0,1,1,1,0,0
IV18,1,1,1,1,0,0,0,0,0
IV22,0,0,0,0,1,1,1,0,0
IV23,1,1,1,1,1,1,1,0,0
IV30,0,0,0,0,1,1,1,0,0
TV102,1,1,1,1,1,1,1,0,0
TV103,1,1,1,1,0,0,0,0,0
TV105,1,1,1,1,1,1,1,0,0
TV106,0,0,0,0,1,1,1,1,0
TV112,1,0,0,0,1,1,1,0,0
TV121,1,1,1,1,0,0,0,0,0
TV126,0,0,0,0,1,1,1,0,0
TV13,1,1,1,1,0,0,1,0,0
TV135,1,1,1,1,0,0,0,0,0
TV147,0,0,0,0,1,1,1,1,0
TV148,0,0,0,0,1,1,1,1,0
TV154,1,1,1,1,1,1,1,0,0
TV163,1,1,1,1,0,0,0,0,0
TV19,1,1,1,1,1,1,1,0,0
TV2,1,1,1,1,1,1,1,0,0
TV28,0,0,0,0,1,1,1,0,0
TV29,1,1,1,1,1,1,1,0,0
TV3,1,1,1,1,1,1,1,0,0
TV30,0,0,0,0,1,1,1,0,0
TV32,1,1,1,1,1,1,1,0,0
TV33,1,1,1,1,1,1,0,0,1
TV46,1,1,1,1,1,1,1,0,0
TV5,1,1,1,1,0,0,1,0,0
TV7,0,0,0,0,1,1,1,0,0
TV70,1,1,1,1,1,1,1,0,0
TV9,1,1,1,1,1,1,1,0,0
VV10,0,0,0,0,1,1,1,0,0
VV14,0,0,0,0,1,1,1,0,0
VV5,0,0,0,0,1,1,1,0,0
VV8,1,0,0,0,0,0,0,0,0
VV9,0,0,0,0,1,1,1,0,0