Isolate,lsaA,vanAHRSXYZ,bcrABR,bcrD,ermB,tetL,tetM,tetO,tetS,dfrG,vanBHRSWXY,aac(6')-aph(2''),ant(6)-Ia,aph(3')-III,cat(pC233)
10/01/01,1,1,1,1,1,1,1,0,0,0,0,0,0,0,0
10/01/02,1,1,1,1,1,1,1,0,0,0,0,0,0,0,0
10/01/04,1,1,1,1,1,1,1,0,0,0,0,0,0,0,0
10/01/05,1,1,1,1,1,1,1,0,0,0,0,0,0,0,0
10/01/09,1,1,1,1,1,1,1,0,0,0,0,0,0,0,0
10-1A,1,1,1,1,1,1,1,0,0,0,0,0,0,0,0
10/02/12,1,1,1,1,1,1,1,0,0,0,0,0,0,0,0
10/02/17,1,1,1,1,1,1,1,0,0,0,0,0,0,0,0
10/06/41,1,1,1,1,1,1,1,0,0,0,0,0,0,0,0
10/06/46,1,1,1,1,1,1,1,0,0,0,0,0,0,0,0
10/06/50,1,1,1,1,1,1,1,0,0,0,0,0,0,0,0
10-6A,1,1,1,1,1,1,1,0,0,0,0,0,0,0,0
11-3A,1,1,1,1,1,1,1,0,0,0,0,0,0,0,0
11-7A,1,1,1,1,1,1,1,0,0,0,0,0,0,0,0
12/03/20,1,1,1,1,1,1,1,0,0,0,0,0,0,0,0
12-1VP,1,1,1,1,1,1,1,0,0,0,0,0,0,0,0
12/03/27,1,1,1,1,1,1,1,0,0,0,0,0,0,0,0
12/07/68,1,1,1,1,1,1,1,0,0,0,0,0,0,0,0
12/08/01,1,1,1,1,1,1,1,0,0,0,0,0,0,0,0
13/06/51,1,1,1,1,1,1,1,0,0,0,0,0,0,0,0
13/01/05,1,1,1,1,1,1,1,0,0,0,0,0,0,0,0
13/01/06,1,1,1,1,1,1,1,0,0,0,0,0,0,0,0
13/01/07,1,1,1,1,1,1,1,0,0,0,0,0,0,0,0
13/01/08,1,0.5,1,1,0,1,1,0,0,0,0,0,0,0,0
13/01/09,1,1,1,1,1,1,1,0,0,0,0,0,0,0,0
13/01/10,1,1,1,1,1,1,1,0,0,0,0,0,0,0,0
13/10/96,1,1,1,1,1,1,1,0,0,0,0,0,0,0,0
13/10/98,1,1,1,1,1,1,1,0,0,0,0,0,0,0,0
13-1VP,1,1,1,1,1,1,1,0,0,0,0,0,0,0,0
13/02/13,1,1,1,1,1,1,1,0,0,0,0,0,0,0,0
13/02/16,1,1,1,1,1,1,1,0,0,0,0,0,0,0,0
13/02/17,1,1,1,1,1,1,1,0,0,0,0,0,0,0,0
13/02/19,1,1,1,1,1,1,1,0,0,0,0,0,0,0,0
13-2VP,1,1,1,1,1,1,1,0,0,0,0,0,0,0,0
13/04/32,1,1,1,1,1,1,1,0,0,0,0,0,0,0,0
13/04/33,1,1,1,1,1,1,1,0,0,0,0,0,0,0,0
13/04/35,1,1,1,1,1,1,1,0,0,0,0,0,0,0,0
13-4VP,1,1,1,1,1,1,1,0,0,0,0,0,0,0,0
13/05/45,1,1,1,1,1,1,1,0,0,0,0,0,0,0,0
13/07/61,1,1,1,1,1,1,1,0,0,0,0,0,0,0,0
13/08/72,1,1,1,1,1,1,1,0,0,0,0,0,0,0,0
13/09/85,1,1,1,1,1,1,1,0,0,0,0,0,0,0,0
13/09/86,1,1,1,1,1,1,1,0,0,0,0,0,0,0,0
13/09/88,1,1,1,1,1,1,1,0,0,0,0,0,0,0,0
5A-1,1,1,1,1,1,1,1,0,0,0,0,0,0,0,0
5A-12,1,1,1,1,1,1,1,0,0,0,0,0,0,0,0
5A-13,1,1,1,1,1,1,1,0,0,0,0,0,0,0,0
5A-15,1,1,1,1,1,1,1,0,0,0,0,0,0,0,0
5A-16,1,1,1,1,1,1,1,0,0,0,0,0,0,0,0
5A-18,1,1,1,1,1,1,1,0,0,0,0,0,0,0,0
5A-19,1,1,1,1,1,1,1,0,0,0,0,0,0,0,0
5A-2,1,1,1,1,1,1,1,0,0,0,0,0,0,0,0
5A-20,1,1,1,1,1,1,1,0,0,0,0,0,0,0,0
5A-4,1,1,1,1,1,1,1,0,0,0,0,0,0,0,0
5A-5,1,1,1,1,1,1,1,0,0,0,0,0,0,0,0
5A-6,1,1,1,1,1,1,1,0,0,0,0,0,0,0,0
5A-7,1,1,1,1,1,1,1,0,0,0,0,0,0,0,0
5A-8,1,1,1,1,1,1,1,0,0,0,0,0,0,0,0
5A-9,1,1,1,1,1,1,1,0,0,0,0,0,0,0,0
5D-62,1,1,1,1,1,1,1,0,0,0,0,0,0,0,0
AR00-128,1,1,1,0,1,1,1,0,0,0,0,0,0,0,0
AR00-36,1,1,1,0,0,0,0,0,0,0,0,0,0,0,0
AR01-1155,1,1,1,1,1,1,1,0,0,0,0,0,0,0,0
AR01-215,1,1,0,0,1,1,1,0,0,1,0,0,0,0,0
AR01-673,1,1,1,1,1,1,1,0,0,0,0,0,0,0,0
AR01-802,1,0,1,1,0,1,1,0,0,0,0,0,0,0,0
AR01-912,1,1,1,0,1,0,0,0,0,0,0,0,0,0,0
AR96-360,1,1,1,1,1,1,1,0,0,0,0,0,0,0,0
AR99-1024,1,1,1,1,1,1,1,0,0,0,0,0,0,0,0
AR99-1107,1,1,1,0,1,0,0,0,0,0,0,0,0,0,0
AR99-190,1,1,1,1,1,1,1,0,0,0,0,0,0,0,0
AR99-84,1,1,1,1,1,1,1,0,0,0,0,0,0,0,0
ARL04-446,1,0,0,0,1,0,0,0,0,0,1,1,1,1,1
ARL04-506,1,1,1,1,1,1,1,0,0,0,0,0,0,0,0
ARL08-192,1,1,1,1,1,1,1,0,0,0,0,0,0,0,0
EF13-2-12,1,1,1,1,1,1,1,0,0,0,0,0,0,0,0
EF13-4-31,1,1,1,1,1,1,1,0,0,0,0,0,0,0,0
IV12,1,1,1,0,0,0,0,0,0,0,0,0,0,0,0
IV18,1,1,1,1,0,1,1,0,0,0,0,0,0,0,0
IV22,1,1,1,0,1,0,0,0,0,0,0,0,0,0,0
IV23,1,1,1,1,1,1,1,0,0,0,0,0,0,0,0
IV30,1,1,1,0,1,0,0,0,0,0,0,0,0,0,0
TV102,1,1,1,1,1,1,1,0,0,0,0,0,0,0,0
TV103,1,0.5,1,1,1,0,0,0,0,0,0,0,0,0,0
TV105,1,1,1,1,1,1,1,0,0,0,0,0,0,0,0
TV106,1,0.5,1,1,0,1,1,0,0,0,0,0,0,0,0
TV112,1,0.5,1,0,0,0,0,1,0,0,0,0,0,0,0
TV121,1,0.5,1,1,1,0,0,0,0,0,0,0,0,0,0
TV126,1,0.5,1,0,0,0,0,1,0,0,0,0,0,0,0
TV13,1,1,1,1,1,1,1,0,0,0,0,0,0,0,0
TV135,1,0.5,1,1,1,0,0,0,0,0,0,0,0,0,0
TV147,1,0,1,1,0,1,1,0,0,0,0,0,0,0,0
TV148,1,0.5,1,1,0,1,1,0,0,0,0,0,0,0,0
TV154,1,1,1,1,1,1,1,0,0,0,0,0,0,0,0
TV163,1,0.5,1,1,0,1,1,0,0,0,0,0,0,0,0
TV19,1,1,1,1,1,1,1,0,0,0,0,0,0,0,0
TV2,1,1,1,1,1,1,1,0,0,0,0,0,0,0,0
TV28,1,1,1,0,1,1,1,0,0,0,0,0,0,0,0
TV29,1,1,1,1,1,1,1,0,0,0,0,0,0,0,0
TV3,1,1,1,1,1,1,1,0,0,0,0,0,0,0,0
TV30,1,1,1,0,1,0,0,0,0,0,0,0,0,0,0
TV32,1,1,1,1,1,1,1,0,0,0,0,0,0,0,0
TV33,1,1,1,1,1,1,1,0,0,0,0,0,0,0,0
TV46,1,1,1,1,1,1,0,0,1,0,0,0,0,0,0
TV5,1,1,1,1,1,1,1,0,0,0,0,0,0,0,0
TV7,1,1,1,0,1,0,0,0,0,0,0,0,0,0,0
TV70,1,1,1,1,1,1,0,0,1,0,0,0,0,0,0
TV9,1,1,1,1,1,1,1,0,0,0,0,0,0,0,0
VV10,1,1,1,0,1,0,0,0,0,0,0,0,0,0,0
VV14,1,1,1,0,1,0,0,0,0,0,0,0,0,0,0
VV5,1,1,1,0,1,0,0,0,0,0,0,0,0,0,0
VV8,1,0.5,0,0,0,0,0,0,0,0,0,0,0,0,0
VV9,1,1,1,0,1,0,0,0,0,0,0,0,0,0,0