Isolate,vanAHRSXYZ,ermB,ermA,ermT,msrC,tetM,tetU,tetL,tetS,ant(6)-Ia,aph(3')-III,aac(6')-aph(2''),aadB,aadE,cat(pC194),dfrG,dfrK,bcrABR,bcrD,lnuB,spc,vatE
7/03/81,1,1,0,0,0,1,0,1,0,0,0,0,0,1,0,0,0,1,0,0,0,0
7/11/07,1,1,0,0,0,1,0,1,0,0,0,0,0,1,0,0,0,1,0,0,0,0
10-2A,1,1,0,0,0,1,0,0,0,0,0,0,0,0,0,0,0,1,0,1,0,0
10-9A,1,1,0,0,0,1,0,0,0,0,0,0,0,0,0,0,0,1,0,1,0,0
11-8A,1,1,0,0,1,1,0,0,0,0,0,0,0,0,1,0,0,1,0,0,0,0
12-3VP,1,1,0,0,1,0,0,0,0,0,0,0,0,0,0,0,0,1,0,0,0,0
12-5VP,0.5,0,0,0,0,0,0,0,0,0,0,0,0,0,1,0,0,1,1,0,0,0
12-6VP,0.5,0,0,0,0,0,0,0,0,0,0,0,0,0,1,0,0,1,1,0,0,0
12-7VP,1,1,0,0,1,1,0,0,0,0,0,0,0,0,1,0,0,0,0,0,0,0
12-8VP,0.5,0,0,0,0,0,0,0,0,0,0,0,0,0,1,0,0,1,1,0,0,0
12-9VP,1,1,0,0,1,1,0,0,0,0,0,0,0,0,1,0,0,1,0,0,0,0
AR01-139,1,1,0,0,1,1,1,0,0,1,1,1,0,0,0,0,0,0,0,0,0,0
AR98-565,1,1,0,0,1,1,1,0,0,1,1,1,0,0,0,1,0,0,0,0,0,0
ARL04-840,1,1,0,0,1,1,1,0,0,0,0,1,0,0,0,0,0,0,0,0,0,0
ARL05-425,0.75,1,0,0,1,0,1,1,0,1,1,0,0,0,0,1,0,0,0,1,0,0
ARL05-67,1,1,0,0,1,0,1,0,0,0,1,1,0,0,0,0,0,0,0,0,0,0
ARL07-1139,1,1,0,0,1,1,1,1,0,1,1,1,0,0,0,1,0,0,0,0,0,0
ARL07-1163,1,1,0,0,1,1,1,1,0,1,1,1,0,0,0,1,0,0,0,0,0,0
ARL07-1166,1,1,0,0,1,1,1,1,0,1,1,1,0,0,0,1,0,0,0,0,0,0
ARL07-1169,1,1,0,0,1,1,1,1,0,1,1,1,0,0,0,1,0,0,0,0,0,0
ARL07-1195,1,1,0,0,1,1,1,1,0,1,1,1,0,0,0,1,0,0,0,0,0,0
ARL07-1198,1,1,0,0,1,1,1,1,0,1,1,1,0,0,0,1,0,0,0,0,0,0
ARL07-1205,1,1,0,0,1,1,1,1,0,1,1,1,0,0,0,1,0,0,0,0,0,0
ARL07-1286,1,1,0,0,1,1,1,1,0,1,1,1,0,0,0,1,0,0,0,0,0,0
ARL07-1300,1,1,0,0,1,1,1,1,0,1,1,1,0,0,0,1,0,0,0,0,0,0
ARL07-1328,1,1,0,0,1,1,1,1,0,1,1,1,0,0,0,1,0,0,0,0,0,0
ARL07-1345,1,1,0,0,1,1,1,1,0,1,1,1,0,0,0,1,0,0,0,0,0,0
ARL07-1348,1,1,0,0,1,1,1,1,0,1,1,1,0,0,0,1,0,0,0,0,0,0
ARL07-1351,1,1,0,0,1,1,1,1,0,1,1,1,0,0,0,1,0,0,0,0,0,0
ARL07-1384,1,1,0,0,1,1,1,1,0,1,1,1,0,0,0,1,0,0,0,0,0,0
ARL07-973,1,1,0,0,1,1,1,1,0,1,1,1,0,0,0,1,0,0,0,0,0,0
ARL08-105,1,1,0,0,1,1,1,1,0,1,1,0,0,0,0,1,0,0,0,0,0,0
ARL08-1074,0.75,1,0,0,1,1,1,0,0,1,1,1,0,0,0,1,0,0,0,0,0,0
ARL08-1077,1,1,0,0,1,1,1,0,0,1,1,1,0,0,0,1,0,0,0,0,0,0
ARL08-1189,1,1,0,0,1,1,1,0,0,1,1,1,0,0,0,1,0,0,0,0,0,0
ARL08-1215,1,1,0,0,1,1,1,0,0,1,1,1,0,0,0,1,0,0,0,0,0,0
ARL08-1218,1,1,0,0,1,1,1,1,0,0,1,1,0,0,0,1,0,0,0,0,0,0
ARL08-1249,1,1,0,0,1,1,1,0,0,1,1,1,0,0,0,1,0,0,0,0,0,0
ARL08-1256,1,1,0,0,1,1,1,1,0,0,1,1,0,0,0,1,0,0,0,0,0,0
ARL08-1292,1,1,0,0,1,1,1,0,0,1,1,1,0,0,0,1,0,0,0,0,0,0
ARL08-1309,1,1,0,0,1,1,1,0,0,1,1,1,0,0,0,1,0,0,0,0,0,0
ARL08-1412,1,1,0,0,1,1,1,1,0,0,1,1,0,0,0,1,0,0,0,0,0,0
ARL08-1437,1,1,0,0,1,1,1,1,0,0,1,1,0,0,0,1,0,0,0,0,0,0
ARL08-288,1,1,0,0,1,1,1,1,0,1,1,1,1,0,0,1,0,0,0,0,0,0
ARL08-32,1,1,0,0,1,1,1,1,0,1,1,0,0,0,0,1,0,0,0,0,0,0
ARL08-339,1,1,0,0,1,0,1,0,0,1,1,0,0,0,0,1,0,0,0,0,0,0
ARL08-35,1,1,0,0,1,1,1,1,0,1,1,0,0,0,0,1,0,0,0,0,0,0
ARL08-39,1,1,0,0,1,1,1,1,0,1,1,0,0,0,0,1,0,0,0,0,0,0
ARL08-391,1,1,0,0,1,1,1,1,0,1,1,0,0,0,0,1,0,0,0,0,0,0
ARL08-394,1,1,0,0,1,1,1,1,0,1,1,0,0,0,0,1,0,0,0,0,0,0
ARL08-428,1,1,0,0,1,1,1,1,0,1,1,1,0,0,0,1,0,0,0,0,0,0
ARL08-43,1,1,0,0,1,1,1,1,0,1,1,0,0,0,0,1,0,0,0,0,0,0
ARL08-46,1,1,0,0,1,1,1,1,0,1,1,0,0,0,0,1,0,0,0,0,0,0
ARL08-477,1,1,0,0,1,1,1,1,0,1,1,0,0,0,0,1,0,0,0,0,0,0
ARL08-484,1,1,0,0,1,1,1,1,0,1,1,1,0,0,0,1,0,0,0,0,0,0
ARL08-552,1,1,0,0,1,1,1,1,0,1,1,0,0,0,0,1,0,0,0,0,0,0
ARL08-67,1,1,0,0,1,1,1,1,0,1,1,0,0,0,0,1,0,0,0,0,0,0
ARL08-712,1,1,0,0,1,1,1,0,0,1,1,1,0,0,0,1,0,0,0,0,0,0
ARL08-781,1,1,0,0,1,1,1,0,0,1,1,1,0,0,0,1,0,0,0,0,0,0
ARL08-804,1,1,0,0,1,1,1,0,0,1,1,1,0,0,0,1,0,0,0,0,0,0
ARL08-902,1,1,0,0,1,1,1,0,0,1,1,1,0,0,0,1,0,0,0,0,0,0
ARL08-983,1,0,0,1,1,1,1,1,0,0,0,1,0,0,0,1,0,0,0,0,0,0
ARL09-100,1,1,0,0,1,1,1,1,0,0,1,1,0,0,0,1,0,0,0,0,0,0
ARL09-1074a,1,1,0,0,1,1,1,1,1,1,1,0,0,0,0,0,0,0,0,0,0,0
ARL09-1209,1,1,0,0,1,1,1,1,0,0,1,1,0,0,0,1,0,0,0,0,0,0
ARL09-1265,1,1,0,0,1,1,1,1,1,1,1,0,0,0,0,0,0,0,0,0,0,0
ARL09-1374,1,1,0,0,1,1,1,1,0,0,1,1,0,0,0,1,0,0,0,0,0,0
ARL09-146,1,1,0,0,1,1,1,1,0,0,1,1,0,0,0,1,0,0,0,0,0,0
ARL09-193,1,1,0,0,1,1,1,1,0,0,1,1,0,0,0,1,0,0,0,0,0,0
ARL09-409,1,1,0,0,1,0,1,0,0,1,1,0,0,0,0,0,0,0,0,0,0,0
IV28,0.5,0,0,0,0,1,0,0,0,0,0,0,0,0,0,0,1,1,0,0,0,0
TV10,1,1,0,0,0,1,0,1,0,0,0,0,0,1,0,0,0,1,0,0,0,0
TV104,1,1,0,0,0,1,0,0,0,0,0,0,0,0,0,0,0,1,0,0,0,0
TV111,1,1,0,0,0,1,0,0,0,0,0,0,0,0,0,0,0,1,0,0,0,0
TV118,1,1,0,0,1,0,0,0,0,0,0,0,0,0,0,0,0,1,0,1,0,0
TV12,1,1,0,0,1,1,0,0,0,0,0,0,0,0,0,0,0,1,0,0,0,0
TV123,1,1,0,0,1,0,0,0,0,0,0,0,0,0,0,0,0,1,0,0,0,0
TV125,1,1,0,0,0,0,0,0,0,0,0,0,0,0,0,0,0,1,0,0,0,0
TV137,1,1,0,0,0,1,0,0,0,0,0,0,0,0,0,0,0,1,0,0,0,0
TV138,1,1,0,0,0,1,0,0,0,0,0,0,0,0,0,0,0,1,0,0,0,0
TV139,1,1,0,0,0,1,0,0,0,0,0,0,0,0,0,0,0,1,0,0,0,0
TV14,1,1,0,0,0,1,0,1,0,0,0,0,0,0,0,0,0,1,0,0,0,0
TV15,1,1,0,0,0,1,0,0,0,0,0,0,0,0,0,0,0,1,0,0,0,0
TV162,1,1,0,0,0,1,0,0,0,0,0,0,0,0,0,0,0,1,0,0,0,0
TV18,1,1,0,0,1,0,0,0,0,0,0,0,0,0,0,0,0,1,0,0,0,0
TV20,1,1,0,0,1,1,0,0,0,0,0,0,0,0,0,0,0,1,0,0,0,0
TV21,1,1,0,0,1,0,0,0,0,0,0,0,0,0,0,0,0,1,1,0,0,0
TV4,1,1,0,0,1,0,0,0,0,0,0,0,0,0,0,0,0,1,0,0,0,0
TV41,1,1,0,0,1,0,0,0,0,0,0,0,0,0,0,0,0,1,0,0,0,0
TV42,1,1,0,0,1,1,0,0,0,0,0,0,0,0,1,0,0,1,0,0,0,0
TV43,1,1,0,0,1,1,1,1,0,0,0,0,0,1,0,0,0,1,1,1,0,0
TV44,0.5,0,0,0,1,0,0,0,0,0,0,0,0,0,0,0,0,1,1,0,0,0
TV45,1,1,0,0,1,1,0,0,0,0,0,0,0,0,0,0,0,1,0,0,0,0
TV47,1,1,0,0,1,1,0,0,0,0,0,0,0,0,0,0,0,1,0,0,0,0
TV48,1,1,0,0,1,0,0,1,0,0,0,0,0,0,0,0,0,1,0,0,0,0
TV49,1,1,0,0,1,1,0,0,0,0,0,0,0,0,0,0,0,1,0,0,0,0
TV52,1,1,0,0,1,0,0,0,0,0,0,0,0,0,0,0,0,1,0,0,0,0
TV54,1,1,0,0,1,1,0,0,0,0,0,0,0,0,0,0,0,0,0,0,0,0
TV55,1,1,0,0,1,1,0,0,0,0,0,0,0,0,0,0,0,1,0,0,0,1
TV56,0.5,1,0,0,1,0,0,0,0,0,0,0,0,0,0,0,0,1,0,0,0,0
TV57,1,1,1,0,1,1,0,0,0,0,0,0,0,0,0,0,0,1,0,0,1,0
TV58,1,1,0,0,1,0,0,1,0,0,0,0,0,0,0,0,0,1,0,0,0,0
TV71,1,1,0,0,1,1,1,1,0,0,0,0,0,1,0,0,0,1,1,1,0,0
TV73,1,1,0,0,1,1,1,1,0,0,0,0,0,1,0,0,0,1,1,1,0,0
TV75,1,1,0,0,1,1,0,0,0,0,0,0,0,0,0,0,0,1,0,0,0,0
TV76,1,1,0,0,1,1,0,0,0,0,0,0,0,0,0,0,0,1,0,0,0,0
TV77,1,1,0,0,1,1,0,0,0,0,0,0,0,0,1,0,0,1,0,0,0,0
TV78,1,1,0,0,1,1,0,0,0,0,0,0,0,0,0,0,0,1,0,0,0,0
TV81,1,1,1,0,1,1,0,0,0,0,0,0,0,0,0,0,0,1,0,0,1,0
TV82,1,1,0,0,1,0,0,0,0,0,0,0,0,0,0,0,0,1,0,0,0,0
TV83,0.5,0,0,0,0,1,0,0,0,0,0,0,0,0,0,0,0,1,0,0,0,0
TV92,1,1,0,0,1,1,1,1,0,0,0,0,0,1,0,0,0,1,1,0,0,0
TV97,1,1,0,0,1,0,0,0,0,0,0,0,0,0,0,0,0,1,0,0,0,0
TV98,1,1,0,0,0,0,0,0,0,0,0,0,0,0,0,0,0,1,0,0,0,0
VV11,1,1,0,0,1,0,0,1,0,0,0,0,0,0,0,0,0,1,0,0,0,0
VV6,1,1,0,0,1,0,0,1,0,0,0,0,0,0,0,0,0,1,0,0,0,0