"","parent","node","branch.length","label","low","high","reservoir"
"1",119,"1",25.6681027545831,"TV57.fa",2002,2002,"Poultry"
"2",120,"2",1.46020910286688,"TV4.fa",2002,2002,"Poultry"
"3",121,"3",0.792348516326456,"TV18.fa",2002,2002,"Poultry"
"4",121,"4",0.792348516326456,"TV52.fa",2002,2002,"Poultry"
"5",124,"5",19.7123754323773,"TV48.fa",2002,2002,"Poultry"
"6",125,"6",5.79149628168193,"TV49.fa",2002,2002,"Poultry"
"7",127,"7",2.13284306749802,"TV20.fa",2002,2002,"Poultry"
"8",129,"8",0.871808711684707,"TV54.fa",2002,2002,"Poultry"
"9",129,"9",0.871808711684707,"TV47.fa",2002,2002,"Poultry"
"10",128,"10",1.49034576258646,"TV12.fa",2002,2002,"Poultry"
"11",130,"11",1.36653156504258,"TV75.fa",2002,2002,"Poultry"
"12",131,"12",0.832655849653975,"TV78.fa",2002,2002,"Poultry"
"13",131,"13",0.832655849653975,"TV76.fa",2002,2002,"Poultry"
"14",132,"14",2.16842556571987,"12-3VP.fa",2001,2001,"Poultry"
"15",133,"15",1.20090415787354,"TV44.fa",2002,2002,"Poultry"
"16",133,"16",1.20090415787354,"TV21.fa",2002,2002,"Poultry"
"17",136,"17",6.00082897336438,"TV55.fa",2002,2002,"Poultry"
"18",137,"18",2.44193949696455,"TV73.fa",2002,2002,"Poultry"
"19",139,"19",0.990917878964638,"TV71.fa",2002,2002,"Poultry"
"20",139,"20",0.990917878964638,"TV43.fa",2002,2002,"Poultry"
"21",138,"21",1.59588149112096,"TV92.fa",2002,2002,"Poultry"
"22",141,"22",19.4486613593044,"IV28.fa",2002,2002,"Poultry"
"23",141,"23",19.4486613593044,"TV56.fa",2002,2002,"Poultry"
"24",145,"24",2.25496169688063,"TV41.fa",2002,2002,"Poultry"
"25",147,"25",0.584923244619858,"VV6.fa",2002,2002,"Poultry"
"26",147,"26",0.584923244619858,"TV58.fa",2002,2002,"Poultry"
"27",146,"27",1.35858532679117,"VV11.fa",2002,2002,"Poultry"
"28",148,"28",1.01784418526518,"TV97.fa",2002,2002,"Poultry"
"29",148,"29",1.01784418526518,"TV118.fa",2002,2002,"Poultry"
"30",150,"30",2.2815669541144,"TV83.fa",2002,2002,"Poultry"
"31",152,"31",0.930209587729678,"TV139.fa",2002,2002,"Poultry"
"32",153,"32",0.607652698803577,"TV137.fa",2002,2002,"Poultry"
"33",153,"33",0.607652698803577,"TV162.fa",2002,2002,"Poultry"
"34",151,"34",1.26887738516893,"TV138.fa",2002,2002,"Poultry"
"35",154,"35",12.4767145579294,"TV104.fa",2002,2002,"Poultry"
"36",156,"36",2.64353829723018,"12-5VP.fa",2001,2001,"Poultry"
"37",157,"37",1.62564634392788,"12-8VP.fa",2001,2001,"Poultry"
"38",157,"38",1.62564634392788,"12-6VP.fa",2001,2001,"Poultry"
"39",159,"39",0.797335203446892,"10-9A.fa",2001,2001,"Poultry"
"40",159,"40",0.797335203446892,"10-2A.fa",2001,2001,"Poultry"
"41",158,"41",6.04992872774164,"TV15.fa",2002,2002,"Poultry"
"42",142,"42",26.6789087556497,"TV45.fa",2002,2002,"Poultry"
"43",162,"43",15.4470566126045,"TV81.fa",2002,2002,"Poultry"
"44",163,"44",1.66868966102038,"TV123.fa",2002,2002,"Poultry"
"45",163,"45",1.66868966102038,"TV82.fa",2002,2002,"Poultry"
"46",165,"46",10.8596452033494,"TV111.fa",2002,2002,"Poultry"
"47",166,"47",1.67997589903916,"TV125.fa",2002,2002,"Poultry"
"48",166,"48",1.67997589903916,"TV98.fa",2002,2002,"Poultry"
"49",168,"49",1.61265278324299,"11-8A.fa",2001,2001,"Poultry"
"50",168,"50",1.61265278324299,"12-9VP.fa",2001,2001,"Poultry"
"51",169,"51",1.58785546872423,"12-7VP.fa",2001,2001,"Poultry"
"52",170,"52",1.1537761210634,"TV42.fa",2002,2002,"Poultry"
"53",170,"53",1.1537761210634,"TV77.fa",2002,2002,"Poultry"
"54",171,"54",2.88544587593174,"07-03-81.fa",2000,2000,"Poultry"
"55",173,"55",1.56950909314332,"TV14.fa",2002,2002,"Poultry"
"56",173,"56",1.56950909314332,"TV10.fa",2002,2002,"Poultry"
"57",172,"57",1.34700203806187,"07-11-07.fa",2000,2000,"Poultry"
"58",117,"58",1532.76798901907,"ARL09-409.fa",2009,2009,"Clinical"
"59",177,"59",8.93538316576837,"ARL08-983.fa",2008,2008,"Clinical"
"60",178,"60",2.28378280697007,"ARL08-712.fa",2008,2008,"Clinical"
"61",182,"61",0.725301210032285,"ARL08-1189.fa",2008,2008,"Clinical"
"62",184,"62",0.460189568849501,"ARL08-902.fa",2008,2008,"Clinical"
"63",185,"63",0.307611183245172,"ARL08-1074.fa",2008,2008,"Clinical"
"64",185,"64",0.307611183245172,"ARL08-1077.fa",2008,2008,"Clinical"
"65",183,"65",0.522001026215321,"ARL08-1292.fa",2008,2008,"Clinical"
"66",181,"66",0.795810328450671,"ARL08-1309.fa",2008,2008,"Clinical"
"67",180,"67",1.06068160452014,"ARL08-781.fa",2008,2008,"Clinical"
"68",187,"68",0.554671122194122,"ARL08-804.fa",2008,2008,"Clinical"
"69",187,"69",0.554671122194122,"ARL08-1249.fa",2008,2008,"Clinical"
"70",186,"70",0.927834306030036,"ARL08-1215.fa",2008,2008,"Clinical"
"71",189,"71",3.57552956898121,"ARL07-1286.fa",2007,2007,"Clinical"
"72",191,"72",3.29352860199083,"ARL08-428.fa",2008,2008,"Clinical"
"73",196,"73",1.00499761131164,"ARL07-1205.fa",2007,2007,"Clinical"
"74",198,"74",0.653903539686326,"ARL07-1351.fa",2007,2007,"Clinical"
"75",199,"75",0.405139419373427,"ARL07-973.fa",2007,2007,"Clinical"
"76",200,"76",0.253627752319062,"ARL07-1348.fa",2007,2007,"Clinical"
"77",200,"77",0.253627752319062,"ARL07-1345.fa",2007,2007,"Clinical"
"78",197,"78",1.86202745599212,"ARL08-552.fa",2008,2008,"Clinical"
"79",202,"79",0.738528005330636,"ARL08-339.fa",2008,2008,"Clinical"
"80",202,"80",0.738528005330636,"ARL08-394.fa",2008,2008,"Clinical"
"81",203,"81",0.32814091134037,"ARL07-1169.fa",2007,2007,"Clinical"
"82",204,"82",0.872212760675893,"ARL08-391.fa",2008,2008,"Clinical"
"83",204,"83",0.872212760675893,"ARL08-288.fa",2008,2008,"Clinical"
"84",205,"84",0.804974896999056,"ARL07-1198.fa",2007,2007,"Clinical"
"85",205,"85",0.804974896999056,"ARL07-1328.fa",2007,2007,"Clinical"
"86",207,"86",1.95654461840445,"ARL08-105.fa",2008,2008,"Clinical"
"87",208,"87",1.6853791992196,"ARL08-32.fa",2008,2008,"Clinical"
"88",209,"88",0.4324806492059,"ARL07-1139.fa",2007,2007,"Clinical"
"89",210,"89",1.20570394742845,"ARL08-39.fa",2008,2008,"Clinical"
"90",212,"90",0.57623339331667,"ARL08-477.fa",2008,2008,"Clinical"
"91",213,"91",0.40043490371454,"ARL08-67.fa",2008,2008,"Clinical"
"92",214,"92",0.169321313685259,"ARL08-46.fa",2008,2008,"Clinical"
"93",214,"93",0.169321313685259,"ARL08-35.fa",2008,2008,"Clinical"
"94",211,"94",0.826301932120487,"ARL08-43.fa",2008,2008,"Clinical"
"95",206,"95",1.35975978029001,"ARL07-1166.fa",2007,2007,"Clinical"
"96",215,"96",1.75364218296454,"ARL07-1195.fa",2007,2007,"Clinical"
"97",217,"97",0.43692352393623,"ARL07-1300.fa",2007,2007,"Clinical"
"98",217,"98",0.43692352393623,"ARL07-1163.fa",2007,2007,"Clinical"
"99",216,"99",1.01412718607116,"ARL07-1384.fa",2007,2007,"Clinical"
"100",190,"100",3.75821401674762,"ARL08-484.fa",2008,2008,"Clinical"
"101",219,"101",3.30247489305839,"ARL09-1074a.fa",2009,2009,"Clinical"
"102",219,"102",3.30247489305839,"ARL09-1265.fa",2009,2009,"Clinical"
"103",221,"103",5.24939032928023,"ARL09-1209.fa",2009,2009,"Clinical"
"104",223,"104",2.21240422518235,"ARL09-1374.fa",2009,2009,"Clinical"
"105",224,"105",1.89771367461753,"ARL09-193.fa",2009,2009,"Clinical"
"106",226,"106",0.762087415628457,"ARL09-146.fa",2009,2009,"Clinical"
"107",226,"107",0.762087415628457,"ARL09-100.fa",2009,2009,"Clinical"
"108",227,"108",0.496252136385465,"ARL08-1437.fa",2008,2008,"Clinical"
"109",227,"109",0.496252136385465,"ARL08-1412.fa",2008,2008,"Clinical"
"110",228,"110",0.447683759614165,"ARL08-1218.fa",2008,2008,"Clinical"
"111",228,"111",0.447683759614165,"ARL08-1256.fa",2008,2008,"Clinical"
"112",229,"112",1.77726153866683,"ARL05-425.fa",2005,2005,"Clinical"
"113",229,"113",1.77726153866683,"ARL05-67.fa",2005,2005,"Clinical"
"114",230,"114",8.30973267961781,"AR01-139.fa",2001,2001,"Clinical"
"115",231,"115",3.53417055489172,"AR98-565.fa",1998,1998,"Clinical"
"116",231,"116",9.53417055489172,"ARL04-840.fa",2004,2004,"Clinical"
"117",117,"117",0,NA,-1124.68865012415,1335.31326276348,NA
"118",174,"118",104.413702427883,NA,1902.20500512928,1972.87207296989,NA
"119",118,"119",29.8966145611028,NA,1941.35294603935,1993.20084117977,NA
"120",119,"120",24.2078936517162,NA,1998.16462213161,2001.54473684215,NA
"121",120,"121",0.667860586540428,NA,1999.9195379927,2001.77913875084,NA
"122",118,"122",6.90138572109822,NA,1917.0634908448,1977.67191636711,NA
"123",122,"123",17.4622734706697,NA,1940.56842088841,1989.60034654676,NA
"124",123,"124",11.4886826915406,NA,1959.50685093204,1994.44587021067,NA
"125",124,"125",13.9208791506953,NA,1989.14343594437,1999.65358107881,NA
"126",125,"126",2.59380565188872,NA,1995.59443120082,2000.53469812999,NA
"127",126,"127",1.0648475622952,NA,1997.62846237821,2001.11378040571,NA
"128",127,"128",0.642497304911558,NA,1998.88372700588,2001.36922433409,NA
"129",128,"129",0.61853705090175,NA,2000.08432945523,2001.66584160318,NA
"130",126,"130",1.83115906475064,NA,1998.94383381083,2001.50358337689,NA
"131",130,"131",0.533875715388604,NA,1999.99615303618,2001.75246532477,NA
"132",123,"132",28.032632558198,NA,1994.81591654374,2000.44051876071,NA
"133",132,"133",1.96752140784633,NA,1999.17707919389,2001.60408844345,NA
"134",122,"134",5.39330533018665,NA,1928.36006744915,1980.08509390942,NA
"135",134,"135",5.24975212966638,NA,1935.72689929609,1982.19913371776,NA
"136",135,"136",32.0194451613702,NA,1988.12101638219,1999.62382899972,NA
"137",136,"137",3.55888947639983,NA,1997.08627473894,2000.87805174475,NA
"138",137,"138",0.846058005843588,NA,1998.74003260578,2001.33363889835,NA
"139",138,"139",0.604963612156325,NA,1999.8261548706,2001.66053234886,NA
"140",135,"140",6.60678966579758,NA,1947.29729147528,1985.20098089977,NA
"141",140,"141",11.9648231096326,NA,1965.18638307408,1995.06978787137,NA
"142",140,"142",4.73457571328731,NA,1956.10000623221,1988.27693103105,NA
"143",142,"143",5.1129669557215,NA,1964.11448945935,1991.05289143673,NA
"144",143,"144",13.6635289512517,NA,1985.86256368283,1998.69887007827,NA
"145",144,"145",5.64745115179585,NA,1997.27730919357,2001.18833649897,NA
"146",145,"146",0.896376370089456,NA,1999.02232248349,2001.51261277247,NA
"147",146,"147",0.773662082171313,NA,2000.43431669491,2001.81123419468,NA
"148",144,"148",6.8845686634113,NA,1999.02191896925,2001.70899136699,NA
"149",143,"149",5.74126692329469,NA,1973.11536709945,1993.53640175856,NA
"150",149,"150",13.5431079225191,NA,1997.09476292685,2001.06701653865,NA
"151",150,"151",1.01268956894546,NA,1999.28670300644,2001.46433490678,NA
"152",151,"152",0.338667797439257,NA,1999.82672965417,2001.62989083402,NA
"153",152,"153",0.322556888926101,NA,2000.57818537108,2001.78177099073,NA
"154",149,"154",3.34796031870405,NA,1979.46053854062,1995.30620263551,NA
"155",154,"155",2.60469987607871,NA,1984.3374389197,1996.67901372693,NA
"156",155,"156",6.22847638462054,NA,1995.82935836105,1999.85277164504,NA
"157",156,"157",1.0178919533023,NA,1997.630114385,2000.41518619893,NA
"158",155,"158",3.82208595410907,NA,1990.72596211467,1998.95634815593,NA
"159",158,"159",4.25259352429475,NA,1998.98103160108,2000.78323980436,NA
"160",134,"160",10.2096091237947,NA,1942.98186099721,1985.92001569626,NA
"161",160,"161",8.67216477641227,NA,1956.19001836467,1989.66781239288,NA
"162",161,"162",8.94119575158948,NA,1970.95192368527,1995.40575605074,NA
"163",162,"163",13.7783669515841,NA,1997.75360564123,2001.44008956004,NA
"164",161,"164",6.43692182360655,NA,1970.00579261835,1993.31287643153,NA
"165",164,"165",7.091685337238,NA,1979.45651882915,1997.27368168349,NA
"166",165,"166",9.17966930431021,NA,1997.62034575041,2001.50261504102,NA
"167",164,"167",13.4223780661825,NA,1993.35293715016,1999.64347899949,NA
"168",167,"168",1.91629969116184,NA,1997.22208783794,2000.50058156102,NA
"169",167,"169",1.9410970056806,NA,1996.85958807254,2000.66019454066,NA
"170",169,"170",1.43407934766083,NA,1999.52955892689,2001.56515220257,NA
"171",160,"171",28.1749712646745,NA,1992.56257897747,1999.11015773073,NA
"172",171,"172",1.53844383786986,NA,1996.22940978193,1999.64814934151,NA
"173",172,"173",1.77749294491855,NA,1998.69915963598,2001.49385078383,NA
"174",117,"174",1365.78956927551,NA,1686.4838304604,1928.23868366064,NA
"175",174,"175",144.853873191567,NA,1971.85209574163,1994.23464262138,NA
"176",175,"176",4.27175515215185,NA,1979.05725992726,1997.80914686346,NA
"177",176,"177",7.91740823408213,NA,1990.71913246799,2003.72412989691,NA
"178",177,"178",6.65160035879831,NA,2003.50140223123,2007.00157820312,NA
"179",178,"179",0.79454128546331,NA,2005.1656479192,2007.29855917664,NA
"180",179,"180",0.428559916986615,NA,2005.89996223503,2007.48424113359,NA
"181",180,"181",0.264871276069471,NA,2006.51437408469,2007.62856180952,NA
"182",181,"182",0.0705091184183857,NA,2006.67266849394,2007.66013973943,NA
"183",182,"183",0.203300183816964,NA,2006.99242256115,2007.76422750665,NA
"184",183,"184",0.0618114573658204,NA,2007.09554279412,2007.79972958586,NA
"185",184,"185",0.152578385604329,NA,2007.32904373254,2007.88510896033,NA
"186",179,"186",0.56140721547672,NA,2005.93727704097,2007.65995609511,NA
"187",186,"187",0.373163183835914,NA,2006.64230845359,2007.85226096306,NA
"188",176,"188",2.64546548973112,NA,1983.39335102844,1999.73634713464,NA
"189",188,"189",9.63179634113817,NA,2000.79302945164,2005.25016388166,NA
"190",189,"190",0.817315552233595,NA,2002.1143229081,2005.50259150515,NA
"191",190,"191",0.464685414756786,NA,2003.11932611305,2005.73444240822,NA
"192",191,"192",0.375299798313335,NA,2003.67912711576,2005.92922185895,NA
"193",192,"193",0.178494616021226,NA,2004.0644099544,2006.0358784603,NA
"194",193,"194",0.240147579219183,NA,2004.35568541217,2006.21253506018,NA
"195",194,"195",0.196421877120883,NA,2004.75718194589,2006.28335967448,NA
"196",195,"196",0.298167120004564,NA,2005.21705038705,2006.47294579823,NA
"197",196,"197",0.142970155319517,NA,2005.47201658597,2006.56920431227,NA
"198",197,"198",0.208123916305794,NA,2005.82062996964,2006.68612272679,NA
"199",198,"199",0.248764120312899,NA,2006.20861959084,2006.82358879459,NA
"200",199,"200",0.151511667054365,NA,2006.48360348261,2006.90628296115,NA
"201",195,"201",0.688847950002582,NA,2005.46246898858,2006.85903436086,NA
"202",201,"202",0.875788775982983,NA,2006.31230007397,2007.82629331434,NA
"203",201,"203",0.286175869973249,NA,2005.94629956685,2006.95887747232,NA
"204",203,"204",0.455928150664477,NA,2006.38320757759,2007.66148044612,NA
"205",194,"205",0.694611711438029,NA,2005.19293738111,2006.81165135775,NA
"206",193,"206",0.379974407366262,NA,2004.52338242972,2006.3037940518,NA
"207",206,"207",0.403215161885555,NA,2005.17482942228,2006.57303935099,NA
"208",207,"208",0.271165419184854,NA,2005.61930363742,2006.72672529495,NA
"209",208,"209",0.252898550013697,NA,2006.02826442319,2006.88880423718,NA
"210",209,"210",0.226776701777453,NA,2006.21136622763,2007.24880829071,NA
"211",210,"211",0.37940201530796,NA,2006.60218928092,2007.59490344086,NA
"212",211,"212",0.250068538803816,NA,2006.95782208145,2007.73189779678,NA
"213",212,"213",0.17579848960213,NA,2007.23257158372,2007.83265007952,NA
"214",213,"214",0.231113590029281,NA,2007.57554084698,2007.95861687078,NA
"215",192,"215",0.164586620712953,NA,2003.86127606656,2006.15373840453,NA
"216",215,"216",0.739514996893377,NA,2004.95290030006,2006.65770341752,NA
"217",216,"217",0.577203662134934,NA,2005.93041852529,2006.88605778675,NA
"218",188,"218",2.37027334100731,NA,1987.70215131902,2000.91123814319,NA
"219",218,"219",9.53457767605369,NA,2002.04431229185,2007.8344358795,NA
"220",218,"220",3.26389167183288,NA,1992.37583103921,2002.41921443671,NA
"221",220,"221",4.32377056799896,NA,1999.95888175614,2006.09910812677,NA
"222",221,"222",2.6594017284508,NA,2004.81287872445,2007.33214880578,NA
"223",222,"223",0.377584375647075,NA,2005.58505946413,2007.51450495298,NA
"224",223,"224",0.314690550564819,NA,2006.17119376031,2007.67196488595,NA
"225",224,"225",0.20899104412274,NA,2006.47984192245,2007.77500896396,NA
"226",225,"226",0.926635214866337,NA,2007.51755854989,2008.74668438958,NA
"227",225,"227",0.19247049410933,NA,2006.7947048163,2007.85062123394,NA
"228",222,"228",1.14230484121526,NA,2006.65331417844,2007.89676659972,NA
"229",220,"229",3.79589935861236,NA,2000.95422571084,2004.32417091975,NA
"230",175,"230",5.81481387238455,NA,1985.04649270121,1996.16231286338,NA
"231",230,"231",1.77556212472609,NA,1988.79938284892,1996.88170354571,NA
