,parent,node,branch.length,label,low,high,reservoir
1,115,1,39.50994981,5A-20.fa,2000,2000,Poultry
2,116,2,28.45640819,11-3A.fa,2001,2001,Poultry
3,117,3,22.20127286,11-7A.fa,2001,2001,Poultry
4,118,4,18.73234578,13-1-08.fa,2001,2001,Poultry
5,120,5,9.667393428,13-1-06.fa,2001,2001,Poultry
6,121,6,4.075426391,13-8-72.fa,2001,2001,Poultry
7,121,7,4.075426391,13-1-05.fa,2001,2001,Poultry
8,122,8,15.13624067,13-1-07.fa,2001,2001,Poultry
9,124,9,4.721190463,13-2-16.fa,2001,2001,Poultry
10,125,10,2.427351385,13-4VP.fa,2001,2001,Poultry
11,125,11,2.427351385,13-2VP.fa,2001,2001,Poultry
12,126,12,13.36905435,13-1-10.fa,2001,2001,Poultry
13,129,13,2.602979693,13-1VP.fa,2001,2001,Poultry
14,129,14,2.602979693,13-9-88.fa,2001,2001,Poultry
15,132,15,2.036268421,13-9-86.fa,2001,2001,Poultry
16,132,16,2.036268421,EF13-4-31.fa,2001,2001,Poultry
17,131,17,3.637712177,13-5-45.fa,2001,2001,Poultry
18,134,18,2.763274699,13-7-61.fa,2001,2001,Poultry
19,135,19,1.689433104,13-10-98.fa,2001,2001,Poultry
20,135,20,1.689433104,13-10-96.fa,2001,2001,Poultry
21,136,21,2.434149224,13-4-33.fa,2001,2001,Poultry
22,136,22,2.434149224,13-4-32.fa,2001,2001,Poultry
23,139,23,2.907992894,13-9-85.fa,2001,2001,Poultry
24,139,24,2.907992894,13-2-13.fa,2001,2001,Poultry
25,138,25,5.03715122,13-4-35.fa,2001,2001,Poultry
26,142,26,3.286539037,13-2-19.fa,2001,2001,Poultry
27,143,27,1.970278226,13-06-51.fa,2001,2001,Poultry
28,143,28,1.970278226,13-2-17.fa,2001,2001,Poultry
29,144,29,2.691912861,13-1-09.fa,2001,2001,Poultry
30,144,30,2.691912861,EF13-2-12.fa,2001,2001,Poultry
31,150,31,6.449334803,12-1VP.fa,2001,2001,Poultry
32,153,32,2.296744524,12-03-20.fa,2001,2001,Poultry
33,153,33,2.296744524,12-7-68.fa,2001,2001,Poultry
34,154,34,2.152780586,12-3-27.fa,2001,2001,Poultry
35,154,35,2.152780586,12-8-01.fa,2001,2001,Poultry
36,151,36,9.895249345,ARL08-192.fa,2006,2006,Poultry
37,156,37,3.448578755,AR99-1107.fa,1999,1999,Clinical
38,157,38,3.991321063,AR01-912.fa,2001,2001,Clinical
39,158,39,4.271802746,VV9.fa,2002,2002,Poultry
40,160,40,2.452554767,VV10.fa,2002,2002,Poultry
41,160,41,2.452554767,VV5.fa,2002,2002,Poultry
42,161,42,2.900881816,VV14.fa,2002,2002,Poultry
43,162,43,1.95560314,IV22.fa,2002,2002,Poultry
44,163,44,1.209053527,VV8.fa,2002,2002,Poultry
45,163,45,1.209053527,IV30.fa,2002,2002,Poultry
46,164,46,3.644658867,AR99-1024.fa,1999,1999,Clinical
47,165,47,3.426858403,AR00-36.fa,2000,2000,Clinical
48,165,48,2.426858403,AR99-190.fa,1999,1999,Clinical
49,168,49,4.057148011,AR01-673.fa,2001,2001,Clinical
50,168,50,3.057148011,AR00-128.fa,2000,2000,Clinical
51,167,51,3.870211907,AR99-84.fa,1999,1999,Clinical
52,170,52,5.082440379,AR01-802.fa,2001,2001,Clinical
53,172,53,3.136790273,TV3.fa,2002,2002,Poultry
54,172,54,3.136790273,TV2.fa,2002,2002,Poultry
55,173,55,2.805541506,TV163.fa,2002,2002,Poultry
56,173,56,2.805541506,TV154.fa,2002,2002,Poultry
57,175,57,6.953594747,ARL04-506.fa,2004,2004,Clinical
58,176,58,3.273598728,IV18.fa,2002,2002,Poultry
59,176,59,3.273598728,IV23.fa,2002,2002,Poultry
60,180,60,2.584624183,TV9.fa,2002,2002,Poultry
61,180,61,2.584624183,TV33.fa,2002,2002,Poultry
62,181,62,3.371118813,TV19.fa,2002,2002,Poultry
63,184,63,1.418517325,IV12.fa,2002,2002,Poultry
64,184,64,1.418517325,TV7.fa,2002,2002,Poultry
65,183,65,2.143818199,TV13.fa,2002,2002,Poultry
66,182,66,2.910024009,TV5.fa,2002,2002,Poultry
67,185,67,3.792261787,TV29.fa,2002,2002,Poultry
68,186,68,2.039332148,TV28.fa,2002,2002,Poultry
69,186,69,2.039332148,TV30.fa,2002,2002,Poultry
70,187,70,3.504921293,TV46.fa,2002,2002,Poultry
71,187,71,3.504921293,TV70.fa,2002,2002,Poultry
72,191,72,3.477206749,5A-18.fa,2000,2000,Poultry
73,191,73,3.477206749,5A-1.fa,2000,2000,Poultry
74,192,74,3.365192242,5A-5.fa,2000,2000,Poultry
75,192,75,3.365192242,5A-8.fa,2000,2000,Poultry
76,194,76,6.059334841,5A-9.fa,2000,2000,Poultry
77,195,77,1.326089475,AR96-360.fa,1996,1996,Clinical
78,197,78,3.370975445,5A-19.fa,2000,2000,Poultry
79,199,79,1.495122579,5A-4.fa,2000,2000,Poultry
80,199,80,1.495122579,5A-6.fa,2000,2000,Poultry
81,198,81,2.355962989,5A-7.fa,2000,2000,Poultry
82,201,82,1.884739924,5A-13.fa,2000,2000,Poultry
83,201,83,1.884739924,5A-12.fa,2000,2000,Poultry
84,200,84,3.150559689,5A-15.fa,2000,2000,Poultry
85,193,85,6.599952939,5A-16.fa,2000,2000,Poultry
86,202,86,4.628656582,5A-2.fa,2000,2000,Poultry
87,202,87,4.628656582,5D-62.fa,2000,2000,Poultry
88,146,88,10.34272812,AR01-1155.fa,2001,2001,Clinical
89,204,89,4.430043073,TV32.fa,2002,2002,Poultry
90,205,90,2.062630511,TV102.fa,2002,2002,Poultry
91,205,91,2.062630511,TV105.fa,2002,2002,Poultry
92,206,92,7.038841645,10-1-01.fa,2001,2001,Poultry
93,209,93,4.43271096,10-1-09.fa,2001,2001,Poultry
94,210,94,3.750987585,10-1-05.fa,2001,2001,Poultry
95,212,95,1.869945305,10-6-50.fa,2001,2001,Poultry
96,212,96,1.869945305,10-2-17.fa,2001,2001,Poultry
97,211,97,2.990171459,10-1-02.fa,2001,2001,Poultry
98,214,98,2.156910486,10-1A.fa,2001,2001,Poultry
99,214,99,2.156910486,10-2-12.fa,2001,2001,Poultry
100,215,100,2.499368248,10-6-46.fa,2001,2001,Poultry
101,215,101,2.499368248,10-6A.fa,2001,2001,Poultry
102,216,102,3.681507748,10-1-04.fa,2001,2001,Poultry
103,216,103,3.681507748,10-6-41.fa,2001,2001,Poultry
104,220,104,2.091771195,TV112.fa,2002,2002,Poultry
105,220,105,2.091771195,TV126.fa,2002,2002,Poultry
106,219,106,16.8127649,AR01-215.fa,2001,2001,Clinical
107,218,107,435.4663218,ARL04-446.fa,2004,2004,Clinical
108,222,108,3.174729319,TV121.fa,2002,2002,Poultry
109,223,109,1.538974814,TV103.fa,2002,2002,Poultry
110,223,110,1.538974814,TV135.fa,2002,2002,Poultry
111,224,111,3.033230575,TV147.fa,2002,2002,Poultry
112,225,112,2.115681134,TV148.fa,2002,2002,Poultry
113,225,113,2.115681134,TV106.fa,2002,2002,Poultry
114,114,114,0,NA,144.0355103,1463.92024,NA
115,217,115,678.1283532,NA,1926.486395,1976.469604,NA
116,115,116,12.05354162,NA,1950.410844,1983.028969,NA
117,116,117,6.25513533,NA,1965.202133,1986.111119,NA
118,117,118,3.468927079,NA,1971.71857,1988.071112,NA
119,118,119,2.228955446,NA,1976.330926,1989.310546,NA
120,119,120,6.835996904,NA,1981.995112,1997.833343,NA
121,120,121,5.591967037,NA,1989.28901,1999.496549,NA
122,119,122,1.367149664,NA,1978.939085,1990.16732,NA
123,122,123,0.725579518,NA,1979.599554,1990.493581,NA
124,123,124,9.689470688,NA,1988.316444,1999.38794,NA
125,124,125,2.293839077,NA,1994.778668,2000.18663,NA
126,123,126,1.041606796,NA,1980.552898,1991.351338,NA
127,126,127,0.558314562,NA,1981.665244,1991.662989,NA
128,127,128,6.345218701,NA,1988.980892,1997.507713,NA
129,128,129,3.862541397,NA,1995.198568,2000.157302,NA
130,128,130,1.623861382,NA,1991.609553,1998.160399,NA
131,130,131,1.203947532,NA,1994.760314,1999.218182,NA
132,131,132,1.601443755,NA,1997.210563,2000.093527,NA
133,130,133,0.955308829,NA,1993.469929,1998.988304,NA
134,133,134,1.123076181,NA,1995.423045,1999.562327,NA
135,134,135,1.073841596,NA,1997.621634,2000.297898,NA
136,133,136,1.452201656,NA,1996.113743,1999.906291,NA
137,127,137,0.599059694,NA,1982.401264,1991.763232,NA
138,137,138,7.174528878,NA,1989.534546,1999.186732,NA
139,138,139,2.129158326,NA,1993.782961,2000.137866,NA
140,137,140,0.619447661,NA,1984.367218,1992.115629,NA
141,140,141,6.529869808,NA,1990.74902,1998.571198,NA
142,141,142,1.775823592,NA,1994.617384,1999.523741,NA
143,142,143,1.316260811,NA,1996.293473,2000.182336,NA
144,141,144,2.370449768,NA,1994.280229,2000.057671,NA
145,140,145,0.736448457,NA,1985.690459,1992.557556,NA
146,145,146,0.513055859,NA,1986.372494,1992.929851,NA
147,146,147,0.702289917,NA,1987.295498,1993.389577,NA
148,147,148,0.759502104,NA,1988.191268,1994.338838,NA
149,148,149,0.731058713,NA,1989.001596,1994.889835,NA
150,149,150,1.700542585,NA,1991.090281,1997.013993,NA
151,150,151,1.554085458,NA,1993.383506,1998.205808,NA
152,151,152,1.485296968,NA,1994.699003,1999.134162,NA
153,152,153,1.113207853,NA,1996.638963,1999.830481,NA
154,152,154,1.257171791,NA,1996.073614,2000.083451,NA
155,149,155,0.947662929,NA,1990.343442,1996.089322,NA
156,155,156,1.753635704,NA,1992.413033,1997.380927,NA
157,156,157,1.457257692,NA,1994.335525,1998.588443,NA
158,157,158,0.719518317,NA,1995.397165,1999.223937,NA
159,158,159,0.646867199,NA,1996.216155,1999.758349,NA
160,159,160,1.17238078,NA,1997.624243,2000.953721,NA
161,159,161,0.724053731,NA,1997.037828,2000.238943,NA
162,161,162,0.945278676,NA,1998.661842,2000.941088,NA
163,162,163,0.746549613,NA,1999.722898,2001.428894,NA
164,155,164,1.557555591,NA,1992.348531,1997.406151,NA
165,164,165,1.217800464,NA,1993.941666,1998.190482,NA
166,148,166,1.33483221,NA,1989.838855,1995.909083,NA
167,166,167,1.675891984,NA,1991.055077,1997.552122,NA
168,167,168,1.813063896,NA,1994.329444,1998.634482,NA
169,166,169,0.717874304,NA,1990.667275,1996.51376,NA
170,169,170,1.745789208,NA,1991.887982,1998.376869,NA
171,170,171,1.739524979,NA,1994.588174,1999.569001,NA
172,171,172,1.206125126,NA,1996.435213,2000.343155,NA
173,171,173,1.537373893,NA,1996.712767,2000.681477,NA
174,169,174,0.92802142,NA,1991.616246,1997.681132,NA
175,174,175,1.94661342,NA,1993.136028,1999.388833,NA
176,175,176,1.679996019,NA,1995.301318,2000.731802,NA
177,174,177,0.681703057,NA,1992.27694,1997.973881,NA
178,177,178,1.110624101,NA,1994.202659,1998.956691,NA
179,178,179,0.751393482,NA,1995.392178,1999.368073,NA
180,179,180,1.771863342,NA,1997.025038,2001.075168,NA
181,179,181,0.985368713,NA,1996.682402,2000.118418,NA
182,181,182,0.461094804,NA,1997.541835,2000.396611,NA
183,182,183,0.76620581,NA,1998.657244,2000.871683,NA
184,183,184,0.725300873,NA,1999.526212,2001.285407,NA
185,178,185,1.31561922,NA,1995.715942,1999.955212,NA
186,185,186,1.75292964,NA,1997.84585,2001.08211,NA
187,177,187,2.713583817,NA,1995.176689,2000.768933,NA
188,147,188,0.597318406,NA,1987.958378,1993.922158,NA
189,188,189,0.763735384,NA,1989.512561,1994.287894,NA
190,189,190,1.941687458,NA,1990.896128,1997.658805,NA
191,190,191,1.860490208,NA,1993.06127,1998.556055,NA
192,190,192,1.972504715,NA,1993.080069,1998.818941,NA
193,189,193,0.679431475,NA,1990.266149,1994.651062,NA
194,193,194,0.540618098,NA,1990.929438,1994.967287,NA
195,194,195,0.733245367,NA,1992.810033,1995.429993,NA
196,195,196,0.827606096,NA,1993.402741,1996.808737,NA
197,196,197,1.127507933,NA,1995.074744,1997.838488,NA
198,197,198,1.015012456,NA,1996.015442,1998.615227,NA
199,198,199,0.86084041,NA,1997.298491,1999.292414,NA
200,196,200,1.347923689,NA,1995.008309,1998.152427,NA
201,200,201,1.265819765,NA,1996.3895,1999.282567,NA
202,188,202,3.414463217,NA,1991.45504,1997.958221,NA
203,145,203,1.906744144,NA,1986.248889,1995.585864,NA
204,203,204,5.518996763,NA,1994.06607,2000.19708,NA
205,204,205,2.367412562,NA,1997.568473,2001.206959,NA
206,203,206,1.910198191,NA,1989.977324,1996.786224,NA
207,206,207,1.250833863,NA,1991.395329,1997.349499,NA
208,207,208,0.895621348,NA,1992.395258,1997.95459,NA
209,208,209,0.459675475,NA,1993.02297,1998.241979,NA
210,209,210,0.681723375,NA,1994.139374,1998.760571,NA
211,210,211,0.760816126,NA,1995.190137,1999.33198,NA
212,211,212,1.120226154,NA,1997.528953,1999.965229,NA
213,208,213,0.873396453,NA,1993.924981,1999.087532,NA
214,213,214,1.862079496,NA,1996.748428,2000.203355,NA
215,213,215,1.519621733,NA,1996.229865,2000.06504,NA
216,207,216,2.106500034,NA,1993.96478,1999.768086,NA
217,114,217,282.1776648,NA,698.3321069,1597.761975,NA
218,217,218,286.1719812,NA,1190.173908,1781.992924,NA
219,218,219,415.6535569,NA,1960.016031,1995.298085,NA
220,219,220,15.7209937,NA,1997.016502,2001.162848,NA
221,114,221,852.2394316,NA,1718.621301,1929.54651,NA
222,221,222,146.4018068,NA,1994.898248,2000.752416,NA
223,222,223,1.635754505,NA,1999.017968,2001.351588,NA
224,221,224,146.5433056,NA,1995.849664,2000.508328,NA
225,224,225,0.917549441,NA,1997.358171,2001.040154,NA