Node	Total SNPs	Num of SNPs inside recombinations	Num of SNPs outside recombinations	Num of Recombination Blocks	Bases in Recombinations	r/m	rho/theta	Genome Length	Bases in Clonal Frame
07-03-81.snps.consensus.subs.fa	304	224	80	9	633621	2.800000	0.112500	2933268	2311346
07-11-07.snps.consensus.subs.fa	0	0	0	0	621875	0.000000	0.000000	2933268	2311346
10-2A.snps.consensus.subs.fa	88	56	32	6	925617	1.750000	0.187500	2933268	2010386
10-9A.snps.consensus.subs.fa	0	0	0	0	922840	0.000000	0.000000	2933268	2010386
11-8A.snps.consensus.subs.fa	0	0	0	0	739301	0.000000	0.000000	2933268	2193923
12-3VP.snps.consensus.subs.fa	0	0	0	0	838583	0.000000	0.000000	2933268	2094634
12-5VP.snps.consensus.subs.fa	8	0	8	0	953102	0.000000	0.000000	2933268	1980116
12-6VP.snps.consensus.subs.fa	0	0	0	0	958237	0.000000	0.000000	2933268	1974982
12-7VP.snps.consensus.subs.fa	383	326	57	7	740074	5.719298	0.122807	2933268	2193906
12-8VP.snps.consensus.subs.fa	371	273	98	8	959181	2.785714	0.081633	2933268	1974982
12-9VP.snps.consensus.subs.fa	292	216	76	11	748299	2.842105	0.144737	2933268	2193923
AR01-139.snps.consensus.subs.fa	4840	4666	174	30	1015567	26.816092	0.172414	2933268	2146943
ARL04-840.snps.consensus.subs.fa	0	0	0	0	786226	0.000000	0.000000	2933268	2146943
ARL05-425.snps.consensus.subs.fa	330	235	95	7	888810	2.473684	0.073684	2933268	2054131
ARL05-67.snps.consensus.subs.fa	0	0	0	0	879041	0.000000	0.000000	2933268	2054131
ARL07-1139.snps.consensus.subs.fa	30	11	19	2	951919	0.578947	0.105263	2933268	1981284
ARL07-1163.snps.consensus.subs.fa	0	0	0	0	951883	0.000000	0.000000	2933268	1981284
ARL07-1166.snps.consensus.subs.fa	47	31	16	3	951883	1.937500	0.187500	2933268	1981284
ARL07-1169.snps.consensus.subs.fa	45	26	19	3	951883	1.368421	0.157895	2933268	1981284
ARL07-1195.snps.consensus.subs.fa	29	10	19	2	951883	0.526316	0.105263	2933268	1981284
ARL07-1198.snps.consensus.subs.fa	96	60	36	6	952084	1.666667	0.166667	2933268	1981247
ARL07-1205.snps.consensus.subs.fa	0	0	0	0	951883	0.000000	0.000000	2933268	1981284
ARL07-1286.snps.consensus.subs.fa	45	19	26	3	951883	0.730769	0.115385	2933268	1981284
ARL07-1300.snps.consensus.subs.fa	83	57	26	5	951967	2.192308	0.192308	2933268	1981284
ARL07-1328.snps.consensus.subs.fa	17	0	17	0	951883	0.000000	0.000000	2933268	1981284
ARL07-1345.snps.consensus.subs.fa	95	78	17	7	952110	4.588235	0.411765	2933268	1981284
ARL07-1348.snps.consensus.subs.fa	51	28	23	3	951883	1.217391	0.130435	2933268	1981284
ARL07-1351.snps.consensus.subs.fa	0	0	0	0	951919	0.000000	0.000000	2933268	1981247
ARL07-1384.snps.consensus.subs.fa	45	25	20	4	951934	1.250000	0.200000	2933268	1981284
ARL07-973.snps.consensus.subs.fa	0	0	0	0	951883	0.000000	0.000000	2933268	1981284
ARL08-105.snps.consensus.subs.fa	82	54	28	4	952065	1.928571	0.142857	2933268	1981247
ARL08-1074.snps.consensus.subs.fa	126	103	23	7	930681	4.478261	0.304348	2933268	2002538
ARL08-1077.snps.consensus.subs.fa	68	42	26	3	930706	1.615385	0.115385	2933268	2002538
ARL08-1189.snps.consensus.subs.fa	117	98	19	5	930611	5.157895	0.263158	2933268	2002559
ARL08-1215.snps.consensus.subs.fa	0	0	0	0	930632	0.000000	0.000000	2933268	2002538
ARL08-1218.snps.consensus.subs.fa	0	0	0	0	816633	0.000000	0.000000	2933268	2116539
ARL08-1249.snps.consensus.subs.fa	58	37	21	4	930632	1.761905	0.190476	2933268	2002538
ARL08-1256.snps.consensus.subs.fa	46	11	35	2	816699	0.314286	0.057143	2933268	2116539
ARL08-1292.snps.consensus.subs.fa	0	0	0	0	930632	0.000000	0.000000	2933268	2002538
ARL08-1309.snps.consensus.subs.fa	207	170	37	6	930689	4.594594	0.162162	2933268	2002538
ARL08-1412.snps.consensus.subs.fa	36	13	23	2	816633	0.565217	0.086957	2933268	2116539
ARL08-1437.snps.consensus.subs.fa	138	109	29	2	834116	3.758621	0.068966	2933268	2116539
ARL08-288.snps.consensus.subs.fa	55	21	34	2	951883	0.617647	0.058824	2933268	1981284
ARL08-32.snps.consensus.subs.fa	50	25	25	2	951934	1.000000	0.080000	2933268	1981232
ARL08-339.snps.consensus.subs.fa	111	78	33	7	951919	2.363636	0.212121	2933268	1981284
ARL08-35.snps.consensus.subs.fa	33	16	17	2	952065	0.941176	0.117647	2933268	1981232
ARL08-391.snps.consensus.subs.fa	0	0	0	0	951883	0.000000	0.000000	2933268	1981284
ARL08-394.snps.consensus.subs.fa	68	44	24	5	951883	1.833333	0.208333	2933268	1981284
ARL08-39.snps.consensus.subs.fa	0	0	0	0	951919	0.000000	0.000000	2933268	1981247
ARL08-428.snps.consensus.subs.fa	38	25	13	2	952048	1.923077	0.153846	2933268	1981284
ARL08-43.snps.consensus.subs.fa	75	46	29	2	951883	1.586207	0.068966	2933268	1981284
ARL08-46.snps.consensus.subs.fa	0	0	0	0	952065	0.000000	0.000000	2933268	1981102
ARL08-477.snps.consensus.subs.fa	102	74	28	6	952065	2.642857	0.214286	2933268	1981102
ARL08-484.snps.consensus.subs.fa	34	19	15	3	951928	1.266667	0.200000	2933268	1981284
ARL08-552.snps.consensus.subs.fa	77	27	50	3	951883	0.540000	0.060000	2933268	1981284
ARL08-67.snps.consensus.subs.fa	85	53	32	6	951919	1.656250	0.187500	2933268	1981247
ARL08-712.snps.consensus.subs.fa	0	0	0	0	930424	0.000000	0.000000	2933268	2002748
ARL08-781.snps.consensus.subs.fa	84	65	19	6	930563	3.421053	0.315789	2933268	2002608
ARL08-804.snps.consensus.subs.fa	183	144	39	8	930632	3.692308	0.205128	2933268	2002538
ARL08-902.snps.consensus.subs.fa	93	69	24	5	930643	2.875000	0.208333	2933268	2002538
ARL08-983.snps.consensus.subs.fa	5184	4842	342	29	1135775	14.157895	0.084795	2933268	2002748
ARL09-100.snps.consensus.subs.fa	0	0	0	0	816633	0.000000	0.000000	2933268	2116539
ARL09-1074a.snps.consensus.subs.fa	0	0	0	0	902785	0.000000	0.000000	2933268	2030381
ARL09-1209.snps.consensus.subs.fa	1519	1388	131	11	832761	10.595420	0.083969	2933268	2116539
ARL09-1265.snps.consensus.subs.fa	1092	974	118	13	935034	8.254237	0.110169	2933268	2030381
ARL09-1374.snps.consensus.subs.fa	1004	961	43	4	837018	22.348837	0.093023	2933268	2116539
ARL09-146.snps.consensus.subs.fa	53	23	30	3	816633	0.766667	0.100000	2933268	2116539
ARL09-193.snps.consensus.subs.fa	43	12	31	2	816633	0.387097	0.064516	2933268	2116539
IV28.snps.consensus.subs.fa	0	0	0	0	711113	0.000000	0.000000	2933268	2222114
TV104.snps.consensus.subs.fa	1602	1374	228	23	851846	6.026316	0.100877	2933268	2173084
TV10.snps.consensus.subs.fa	0	0	0	0	630370	0.000000	0.000000	2933268	2302852
TV111.snps.consensus.subs.fa	6477	5927	550	43	926390	10.776363	0.078182	2933268	2187512
TV118.snps.consensus.subs.fa	0	0	0	0	739373	0.000000	0.000000	2933268	2193855
TV123.snps.consensus.subs.fa	0	0	0	0	678423	0.000000	0.000000	2933268	2254793
TV125.snps.consensus.subs.fa	0	0	0	0	745708	0.000000	0.000000	2933268	2187512
TV12.snps.consensus.subs.fa	154	83	71	9	733633	1.169014	0.126761	2933268	2199593
TV137.snps.consensus.subs.fa	0	0	0	0	891976	0.000000	0.000000	2933268	2041238
TV138.snps.consensus.subs.fa	0	0	0	0	891939	0.000000	0.000000	2933268	2041276
TV139.snps.consensus.subs.fa	77	50	27	7	891980	1.851852	0.259259	2933268	2041238
TV14.snps.consensus.subs.fa	294	225	69	4	630370	3.260870	0.057971	2933268	2302852
TV15.snps.consensus.subs.fa	0	0	0	0	881243	0.000000	0.000000	2933268	2051980
TV162.snps.consensus.subs.fa	107	67	40	8	891939	1.675000	0.200000	2933268	2041276
TV18.snps.consensus.subs.fa	0	0	0	0	782723	0.000000	0.000000	2933268	2150493
TV20.snps.consensus.subs.fa	0	0	0	0	733624	0.000000	0.000000	2933268	2199593
TV21.snps.consensus.subs.fa	0	0	0	0	855861	0.000000	0.000000	2933268	2077355
TV41.snps.consensus.subs.fa	0	0	0	0	842778	0.000000	0.000000	2933268	2090447
TV42.snps.consensus.subs.fa	304	260	44	9	745027	5.909091	0.204545	2933268	2188554
TV43.snps.consensus.subs.fa	193	147	46	11	481358	3.195652	0.239130	2933268	2452002
TV44.snps.consensus.subs.fa	386	304	82	10	860275	3.707317	0.121951	2933268	2077355
TV45.snps.consensus.subs.fa	4690	4183	507	39	670221	8.250493	0.076923	2933268	2463087
TV47.snps.consensus.subs.fa	0	0	0	0	733606	0.000000	0.000000	2933268	2199612
TV48.snps.consensus.subs.fa	6492	5659	833	31	789429	6.793518	0.037215	2933268	2259502
TV49.snps.consensus.subs.fa	2593	2449	144	14	761743	17.006945	0.097222	2933268	2200119
TV4.snps.consensus.subs.fa	41	0	41	0	782070	0.000000	0.000000	2933268	2151149
TV52.snps.consensus.subs.fa	134	76	58	6	782744	1.310345	0.103448	2933268	2150493
TV54.snps.consensus.subs.fa	160	94	66	8	733975	1.424242	0.121212	2933268	2199612
TV55.snps.consensus.subs.fa	4066	3940	126	21	633952	31.269842	0.166667	2933268	2452047
TV56.snps.consensus.subs.fa	6486	5609	877	34	865185	6.395667	0.038769	2933268	2222114
TV57.snps.consensus.subs.fa	0	0	0	0	567097	0.000000	0.000000	2933268	2366125
TV58.snps.consensus.subs.fa	0	0	0	0	859816	0.000000	0.000000	2933268	2073409
TV71.snps.consensus.subs.fa	0	0	0	0	481224	0.000000	0.000000	2933268	2452002
TV73.snps.consensus.subs.fa	40	7	33	1	481180	0.212121	0.030303	2933268	2452047
TV75.snps.consensus.subs.fa	34	11	23	2	733439	0.478261	0.086957	2933268	2199794
TV76.snps.consensus.subs.fa	119	82	37	4	745079	2.216216	0.108108	2933268	2199834
TV77.snps.consensus.subs.fa	0	0	0	0	744669	0.000000	0.000000	2933268	2188554
TV78.snps.consensus.subs.fa	98	66	32	7	733518	2.062500	0.218750	2933268	2199855
TV81.snps.consensus.subs.fa	7916	7256	660	46	931652	10.993939	0.069697	2933268	2254793
TV82.snps.consensus.subs.fa	162	106	56	9	688158	1.892857	0.160714	2933268	2254793
TV83.snps.consensus.subs.fa	0	0	0	0	834345	0.000000	0.000000	2933268	2098870
TV92.snps.consensus.subs.fa	143	85	58	6	497902	1.465517	0.103448	2933268	2452009
TV97.snps.consensus.subs.fa	206	152	54	8	741812	2.814815	0.148148	2933268	2193855
TV98.snps.consensus.subs.fa	146	81	65	9	749957	1.246154	0.138462	2933268	2187512
VV11.snps.consensus.subs.fa	115	65	50	5	859820	1.300000	0.100000	2933268	2073409
VV6.snps.consensus.subs.fa	312	268	44	8	859816	6.090909	0.181818	2933268	2073409
internal_121	77	29	48	2	481224	0.604167	0.041667	2933268	2452009
internal_120	93	60	33	5	481217	1.818182	0.151515	2933268	2452047
internal_119	53	24	29	2	481180	0.827586	0.068966	2933268	2452047
internal_118	3096	2457	639	32	481180	3.845070	0.050078	2933268	2642739
internal_123	4449	3836	613	36	711113	6.257749	0.058728	2933268	2518575
internal_130	275	218	57	9	958237	3.824561	0.157895	2933268	1980116
internal_129	5585	5250	335	35	953102	15.671641	0.104478	2933268	2119573
internal_132	3233	2918	315	21	922840	9.263492	0.066667	2933268	2051980
internal_131	1361	1139	222	18	881243	5.130630	0.081081	2933268	2119573
internal_128	3060	2845	215	23	813653	13.232558	0.106977	2933268	2173084
internal_127	2335	2158	177	17	760141	12.192090	0.096045	2933268	2240782
internal_135	64	25	39	4	891939	0.641026	0.102564	2933268	2041276
internal_136	16	6	10	1	891976	0.600000	0.100000	2933268	2041276
internal_134	1221	1177	44	18	891939	26.750000	0.409091	2933268	2098870
internal_133	4803	4483	320	34	834345	14.009375	0.106250	2933268	2240782
internal_126	3233	3019	214	20	692445	14.107476	0.093458	2933268	2354938
internal_140	42	19	23	3	859816	0.826087	0.130435	2933268	2073409
internal_139	3332	3265	67	16	859816	48.731342	0.238806	2933268	2090447
internal_138	5356	5130	226	30	842778	22.699116	0.132743	2933268	2197806
internal_141	108	82	26	4	739373	3.153846	0.153846	2933268	2197806
internal_137	3369	2943	426	31	735423	6.908451	0.072770	2933268	2354938
internal_125	2402	2138	264	26	578292	8.098485	0.098485	2933268	2463087
internal_124	1125	904	221	16	470148	4.090498	0.072398	2933268	2518575
internal_122	1168	942	226	24	414660	4.168141	0.106195	2933268	2642739
internal_117	1507	1084	423	22	290503	2.562648	0.052009	2933268	2752396
internal_145	41	11	30	2	678423	0.366667	0.066667	2933268	2254793
internal_144	5576	4999	577	35	678423	8.663778	0.060659	2933268	2430982
internal_148	66	21	45	2	745708	0.466667	0.044444	2933268	2187512
internal_147	3113	2819	294	23	745708	9.588435	0.078231	2933268	2280758
internal_151	150	128	22	6	744669	5.818182	0.272727	2933268	2193906
internal_150	161	112	49	9	739317	2.285714	0.183673	2933268	2195004
internal_152	162	106	56	4	739301	1.892857	0.071429	2933268	2195004
internal_149	5622	5194	428	25	738219	12.135514	0.058411	2933268	2280758
internal_146	2726	2570	156	27	652466	16.474360	0.173077	2933268	2430982
internal_143	2024	1808	216	25	502246	8.370370	0.115741	2933268	2558059
internal_154	215	169	46	8	630370	3.673913	0.173913	2933268	2311378
internal_155	80	49	31	5	621875	1.580645	0.161290	2933268	2311378
internal_153	5288	4773	515	36	621844	9.267962	0.069903	2933268	2558059
internal_142	2567	2338	229	24	375174	10.209607	0.104803	2933268	2752396
internal_116	1918	1671	247	19	180853	6.765182	0.076923	2933268	2933268
internal_158	2932	2697	235	23	786226	11.476596	0.097872	2933268	2315622
internal_169	86	68	18	5	930632	3.777778	0.277778	2933268	2002538
internal_168	80	56	24	3	930632	2.333333	0.125000	2933268	2002538
internal_167	69	55	14	4	930632	3.928571	0.285714	2933268	2002538
internal_166	38	25	13	3	930632	1.923077	0.230769	2933268	2002538
internal_170	111	93	18	3	930632	5.166667	0.166667	2933268	2002538
internal_165	37	30	7	3	930632	4.285714	0.428571	2933268	2002538
internal_164	37	29	8	2	930632	3.625000	0.250000	2933268	2002559
internal_163	57	50	7	4	930611	7.142857	0.571429	2933268	2002608
internal_162	171	129	42	6	930563	3.071429	0.142857	2933268	2002748
internal_161	66	45	21	4	930424	2.142857	0.190476	2933268	2002748
internal_160	3419	3129	290	26	930424	10.789655	0.089655	2933268	2207354
internal_173	988	751	237	11	879041	3.168776	0.046414	2933268	2116576
internal_176	34	6	28	1	816633	0.214286	0.035714	2933268	2116539
internal_181	19	5	14	1	816633	0.357143	0.071429	2933268	2116539
internal_180	20	6	14	1	816633	0.428571	0.071429	2933268	2116539
internal_179	25	15	10	2	816633	1.500000	0.200000	2933268	2116539
internal_178	11	0	11	0	816633	0.000000	0.000000	2933268	2116539
internal_177	16	8	8	1	816633	1.000000	0.125000	2933268	2116539
internal_175	4	0	4	0	816633	0.000000	0.000000	2933268	2116539
internal_174	71	18	53	2	816633	0.339623	0.037736	2933268	2116576
internal_172	4197	3982	215	15	816597	18.520929	0.069767	2933268	2149440
internal_193	30	13	17	1	951883	0.764706	0.058824	2933268	1981284
internal_192	25	7	18	1	951883	0.388889	0.055556	2933268	1981284
internal_191	37	15	22	2	951883	0.681818	0.090909	2933268	1981284
internal_194	35	14	21	2	951883	0.666667	0.095238	2933268	1981284
internal_190	36	22	14	3	951883	1.571429	0.214286	2933268	1981284
internal_189	22	15	7	3	951883	2.142857	0.428571	2933268	1981284
internal_200	44	27	17	3	951883	1.588235	0.176471	2933268	1981284
internal_201	18	5	13	1	951883	0.384615	0.076923	2933268	1981284
internal_199	14	0	14	0	951883	0.000000	0.000000	2933268	1981284
internal_198	22	11	11	1	951883	1.000000	0.090909	2933268	1981284
internal_197	13	0	13	0	951883	0.000000	0.000000	2933268	1981284
internal_207	41	32	9	4	952065	3.555556	0.444444	2933268	1981232
internal_206	27	15	12	2	951934	1.250000	0.166667	2933268	1981232
internal_205	19	9	10	1	951934	0.900000	0.100000	2933268	1981247
internal_208	57	36	21	5	951919	1.714286	0.238095	2933268	1981247
internal_204	16	5	11	1	951919	0.454545	0.090909	2933268	1981247
internal_203	37	25	12	4	951919	2.083333	0.333333	2933268	1981284
internal_202	35	16	19	2	951883	0.842105	0.105263	2933268	1981284
internal_196	33	17	16	2	951883	1.062500	0.125000	2933268	1981284
internal_195	30	11	19	1	951883	0.578947	0.052632	2933268	1981284
internal_188	10	0	10	0	951883	0.000000	0.000000	2933268	1981284
internal_187	16	0	16	0	951883	0.000000	0.000000	2933268	1981284
internal_211	34	15	19	2	951919	0.789474	0.105263	2933268	1981284
internal_210	21	5	16	1	951883	0.312500	0.062500	2933268	1981284
internal_209	23	7	16	1	951883	0.437500	0.062500	2933268	1981284
internal_186	12	0	12	0	951883	0.000000	0.000000	2933268	1981284
internal_185	11	0	11	0	951883	0.000000	0.000000	2933268	1981284
internal_184	12	0	12	0	951883	0.000000	0.000000	2933268	1981284
internal_183	4298	3851	447	28	951883	8.615212	0.062640	2933268	2074119
internal_212	347	254	93	10	902785	2.731183	0.107527	2933268	2074119
internal_182	1829	1533	296	24	859048	5.179054	0.081081	2933268	2149440
internal_171	1769	1685	84	24	783731	20.059525	0.285714	2933268	2207354
internal_159	1015	906	109	12	725818	8.311927	0.110092	2933268	2315622
internal_157	11218	6579	4639	85	617550	1.418194	0.018323	2933268	2566291
internal_221	107	52	55	4	733624	0.945455	0.072727	2933268	2199612
internal_222	25	6	19	1	733606	0.315789	0.052632	2933268	2199612
internal_220	53	19	34	2	733606	0.558824	0.058824	2933268	2199794
internal_219	33	6	27	1	733424	0.222222	0.037037	2933268	2199834
internal_218	39	18	21	3	733385	0.857143	0.142857	2933268	2199855
internal_217	43	24	19	2	733365	1.263158	0.105263	2933268	2200119
internal_216	909	822	87	14	733102	9.448276	0.160920	2933268	2259502
internal_215	4550	4164	386	21	673720	10.787565	0.054404	2933268	2360413
internal_224	387	271	116	12	855861	2.336207	0.103448	2933268	2094634
internal_223	5828	5371	457	39	838583	11.752735	0.085339	2933268	2360413
internal_214	4064	3633	431	25	572812	8.429235	0.058005	2933268	2495209
internal_115	126	67	59	9	782723	1.135593	0.152542	2933268	2151149
internal_226	6504	5485	1019	40	782070	5.382728	0.039254	2933268	2366125
internal_225	3668	3175	493	28	567097	6.440162	0.056795	2933268	2495209
internal_213	1794	1565	229	23	438018	6.834061	0.100437	2933268	2566291
internal_156	2685	2479	206	39	366938	12.033980	0.189320	2933268	2933268
internal_ROOT	0	0	0	0	0	0.000000	0.000000	2933268	2933268
